{
  "3.8064786266225115e-05": 9767,
  "7.612957253245023e-05": 15492,
  "0.00011419435879867534": 18474,
  "0.00015225914506490046": 20392,
  "0.00019032393133112558": 21609,
  "0.00022838871759735068": 22509,
  "0.0002664535038635758": 23194,
  "0.0003045182901298009": 23727,
  "0.00034258307639602604": 24104,
  "0.00038064786266225117": 24407,
  "0.0004187126489284763": 24674,
  "0.00045677743519470136": 24871,
  "0.0004948422214609265": 25034,
  "0.0005329070077271516": 25171,
  "0.0005709717939933768": 25286,
  "0.0006090365802596018": 25393,
  "0.0006471013665258269": 25474,
  "0.0006851661527920521": 25546,
  "0.0007232309390582772": 25617,
  "0.0007612957253245023": 25677,
  "0.0007993605115907274": 25728,
  "0.0008374252978569526": 25773,
  "0.0008754900841231776": 25820,
  "0.0009135548703894027": 25858,
  "0.0009516196566556279": 25881,
  "0.000989684442921853": 25910,
  "0.0010277492291880781": 25939,
  "0.0010658140154543032": 25966,
  "0.0011038788017205283": 25983,
  "0.0011419435879867536": 26003,
  "0.0011800083742529786": 26030,
  "0.0012180731605192037": 26045,
  "0.0012561379467854288": 26057,
  "0.0012942027330516538": 26071,
  "0.001332267519317879": 26082,
  "0.0013703323055841042": 26092,
  "0.0014083970918503292": 26106,
  "0.0014464618781165543": 26123,
  "0.0014845266643827796": 26133,
  "0.0015225914506490047": 26144,
  "0.0015606562369152297": 26148,
  "0.0015987210231814548": 26158,
  "0.0016367858094476799": 26165,
  "0.0016748505957139052": 26174,
  "0.0017129153819801302": 26180,
  "0.0017509801682463553": 26183,
  "0.0017890449545125804": 26190,
  "0.0018271097407788054": 26193,
  "0.0019032393133112558": 26198,
  "0.0019413040995774808": 26201,
  "0.001979368885843706": 26206,
  "0.002017433672109931": 26208,
  "0.0020554984583761563": 26209,
  "0.0020935632446423815": 26212,
  "0.0021316280309086064": 26214,
  "0.0021696928171748317": 26216,
  "0.0022077576034410565": 26219,
  "0.002245822389707282": 26222,
  "0.002283887175973507": 26223,
  "0.002321951962239732": 26226,
  "0.002398081534772182": 26228,
  "0.0024361463210384074": 26230,
  "0.0025122758935708575": 26233,
  "0.002550340679837083": 26235,
  "0.002626470252369533": 26237,
  "0.002664535038635758": 26241,
  "0.002702599824901983": 26242,
  "0.002778729397434433": 26243,
  "0.0028167941837006585": 26244,
  "0.0028548589699668838": 26245,
  "0.0028929237562331086": 26246,
  "0.002930988542499334": 26247,
  "0.002969053328765559": 26248,
  "0.003007118115031784": 26249,
  "0.0030451829012980093": 26251,
  "0.003083247687564234": 26253,
  "0.0031974420463629096": 26254,
  "0.003235506832629135": 26255,
  "0.0032735716188953597": 26256,
  "0.0034258307639602604": 26257,
  "0.0034638955502264853": 26258,
  "0.003616154695291386": 26259,
  "0.003654219481557611": 26261,
  "0.003692284267823836": 26262,
  "0.0037684138403562863": 26263,
  "0.004149061703018537": 26264,
  "0.004187126489284763": 26266,
  "0.004301320848083438": 26267,
  "0.004491644779414564": 26268,
  "0.004758098283278139": 26269,
  "0.005367134863537741": 26270,
  "0.005900041871264893": 26271,
  "0.009630390925354955": 26272
}