{
  "3.8064786266225115e-05": 26272,
  "7.612957253245023e-05": 16505,
  "0.00011419435879867534": 10780,
  "0.00015225914506490046": 7798,
  "0.00019032393133112558": 5880,
  "0.00022838871759735068": 4663,
  "0.0002664535038635758": 3763,
  "0.0003045182901298009": 3078,
  "0.00034258307639602604": 2545,
  "0.00038064786266225117": 2168,
  "0.0004187126489284763": 1865,
  "0.00045677743519470136": 1598,
  "0.0004948422214609265": 1401,
  "0.0005329070077271516": 1238,
  "0.0005709717939933768": 1101,
  "0.0006090365802596018": 986,
  "0.0006471013665258269": 879,
  "0.0006851661527920521": 798,
  "0.0007232309390582772": 726,
  "0.0007612957253245023": 655,
  "0.0007993605115907274": 595,
  "0.0008374252978569526": 544,
  "0.0008754900841231776": 499,
  "0.0009135548703894027": 452,
  "0.0009516196566556279": 414,
  "0.000989684442921853": 391,
  "0.0010277492291880781": 362,
  "0.0010658140154543032": 333,
  "0.0011038788017205283": 306,
  "0.0011419435879867536": 289,
  "0.0011800083742529786": 269,
  "0.0012180731605192037": 242,
  "0.0012561379467854288": 227,
  "0.0012942027330516538": 215,
  "0.001332267519317879": 201,
  "0.0013703323055841042": 190,
  "0.0014083970918503292": 180,
  "0.0014464618781165543": 166,
  "0.0014845266643827796": 149,
  "0.0015225914506490047": 139,
  "0.0015606562369152297": 128,
  "0.0015987210231814548": 124,
  "0.0016367858094476799": 114,
  "0.0016748505957139052": 107,
  "0.0017129153819801302": 98,
  "0.0017509801682463553": 92,
  "0.0017890449545125804": 89,
  "0.0018271097407788054": 82,
  "0.0019032393133112558": 79,
  "0.0019413040995774808": 74,
  "0.001979368885843706": 71,
  "0.002017433672109931": 66,
  "0.0020554984583761563": 64,
  "0.0020935632446423815": 63,
  "0.0021316280309086064": 60,
  "0.0021696928171748317": 58,
  "0.0022077576034410565": 56,
  "0.002245822389707282": 53,
  "0.002283887175973507": 50,
  "0.002321951962239732": 49,
  "0.002398081534772182": 46,
  "0.0024361463210384074": 44,
  "0.0025122758935708575": 42,
  "0.002550340679837083": 39,
  "0.002626470252369533": 37,
  "0.002664535038635758": 35,
  "0.002702599824901983": 31,
  "0.002778729397434433": 30,
  "0.0028167941837006585": 29,
  "0.0028548589699668838": 28,
  "0.0028929237562331086": 27,
  "0.002930988542499334": 26,
  "0.002969053328765559": 25,
  "0.003007118115031784": 24,
  "0.0030451829012980093": 23,
  "0.003083247687564234": 21,
  "0.0031974420463629096": 19,
  "0.003235506832629135": 18,
  "0.0032735716188953597": 17,
  "0.0034258307639602604": 16,
  "0.0034638955502264853": 15,
  "0.003616154695291386": 14,
  "0.003654219481557611": 13,
  "0.003692284267823836": 11,
  "0.0037684138403562863": 10,
  "0.004149061703018537": 9,
  "0.004187126489284763": 8,
  "0.004301320848083438": 6,
  "0.004491644779414564": 5,
  "0.004758098283278139": 4,
  "0.005367134863537741": 3,
  "0.005900041871264893": 2,
  "0.009630390925354955": 1
}