{"0.0021316280309086064": 2, "0.0011419435879867536": 20, "0.0008754900841231776": 47, "0.0015987210231814548": 10, "7.612957253245023e-05": 5725, "0.00015225914506490046": 1918, "3.8064786266225115e-05": 9767, "0.00011419435879867534": 2982, "0.0009135548703894027": 38, "0.00019032393133112558": 1217, "0.0004948422214609265": 163, "0.0007993605115907274": 51, "0.0005709717939933768": 115, "0.0018271097407788054": 3, "0.00022838871759735068": 900, "0.0015225914506490047": 11, "0.0003045182901298009": 533, "0.0002664535038635758": 685, "0.0015606562369152297": 4, "0.0005329070077271516": 137, "0.001979368885843706": 5, "0.0004187126489284763": 267, "0.0006851661527920521": 72, "0.00045677743519470136": 197, "0.00038064786266225117": 303, "0.00034258307639602604": 377, "0.0024361463210384074": 2, "0.0006090365802596018": 107, "0.0006471013665258269": 81, "0.0016748505957139052": 9, "0.005900041871264893": 1, "0.003692284267823836": 1, "0.0019413040995774808": 3, "0.0013703323055841042": 10, "0.0007232309390582772": 71, "0.0037684138403562863": 1, "0.0009516196566556279": 23, "0.0017890449545125804": 7, "0.0011800083742529786": 27, "0.002664535038635758": 4, "0.000989684442921853": 29, "0.0010277492291880781": 29, "0.002626470252369533": 2, "0.0008374252978569526": 45, "0.0032735716188953597": 1, "0.0012942027330516538": 14, "0.0007612957253245023": 60, "0.0014464618781165543": 17, "0.0014845266643827796": 10, "0.0019032393133112558": 5, "0.001332267519317879": 11, "0.0011038788017205283": 17, "0.0012561379467854288": 12, "0.0010658140154543032": 27, "0.0021696928171748317": 2, "0.0030451829012980093": 2, "0.0020935632446423815": 3, "0.002778729397434433": 1, "0.0014083970918503292": 14, "0.0016367858094476799": 7, "0.0034258307639602604": 1, "0.004758098283278139": 1, "0.009630390925354955": 1, "0.002017433672109931": 2, "0.0012180731605192037": 15, "0.002321951962239732": 3, "0.0022077576034410565": 3, "0.003083247687564234": 2, "0.002550340679837083": 2, "0.0034638955502264853": 1, "0.003616154695291386": 1, "0.002245822389707282": 3, "0.0017509801682463553": 3, "0.0025122758935708575": 3, "0.004491644779414564": 1, "0.002930988542499334": 1, "0.004187126489284763": 2, "0.0028167941837006585": 1, "0.004301320848083438": 1, "0.004149061703018537": 1, "0.003654219481557611": 2, "0.005367134863537741": 1, "0.0017129153819801302": 6, "0.002283887175973507": 1, "0.002398081534772182": 2, "0.0020554984583761563": 1, "0.0031974420463629096": 1, "0.0028548589699668838": 1, "0.0028929237562331086": 1, "0.002702599824901983": 1, "0.002969053328765559": 1, "0.003007118115031784": 1, "0.003235506832629135": 1}